{"user_id": "User_1", "user_interactions": {"1": 0, "2": 1, "3": 0, "4": 1, "5": 2, "6": 0, "7": 2, "8": 1, "9": 0, "10": 0, "11": 0, "12": 0, "13": 0, "14": 0, "15": 1, "16": 0, "17": 1, "18": 0, "19": 1, "20": 2}, "interacted_products": [2, 4, 5, 7, 8, 15, 17, 19, 20], "product_matrices": {"1": {"2": {"Similarity Score": 0.32239667407213335, "User Interaction Value": 1}, "4": {"Similarity Score": 0.3505730571330025, "User Interaction Value": 1}, "5": {"Similarity Score": 0.3942881763594924, "User Interaction Value": 2}, "7": {"Similarity Score": 0.30979238129580267, "User Interaction Value": 2}, "8": {"Similarity Score": 0.3695794155588083, "User Interaction Value": 1}, "15": {"Similarity Score": 0.3963175722533539, "User Interaction Value": 1}, "17": {"Similarity Score": 0.3506357988083786, "User Interaction Value": 1}, "19": {"Similarity Score": 0.3853998019394449, "User Interaction Value": 1}, "20": {"Similarity Score": 0.37773541277825423, "User Interaction Value": 2}}, "3": {"2": {"Similarity Score": 0.3478290634544083, "User Interaction Value": 1}, "4": {"Similarity Score": 0.30219737810306513, "User Interaction Value": 1}, "5": {"Similarity Score": 0.37995681622045285, "User Interaction Value": 2}, "7": {"Similarity Score": 0.31990736344810394, "User Interaction Value": 2}, "8": {"Similarity Score": 0.3290755137668002, "User Interaction Value": 1}, "15": {"Similarity Score": 0.36114497979713966, "User Interaction Value": 1}, "17": {"Similarity Score": 0.3571667564330502, "User Interaction Value": 1}, "19": {"Similarity Score": 0.3256755627658204, "User Interaction Value": 1}, "20": {"Similarity Score": 0.3794549398166735, "User Interaction Value": 2}}, "6": {"2": {"Similarity Score": 0.2780066799873842, "User Interaction Value": 1}, "4": {"Similarity Score": 0.3703439060283495, "User Interaction Value": 1}, "5": {"Similarity Score": 0.3834668844469046, "User Interaction Value": 2}, "7": {"Similarity Score": 0.3381160459961581, "User Interaction Value": 2}, "8": {"Similarity Score": 0.3454893168931028, "User Interaction Value": 1}, "15": {"Similarity Score": 0.39908391447847374, "User Interaction Value": 1}, "17": {"Similarity Score": 0.35811029964476604, "User Interaction Value": 1}, "19": {"Similarity Score": 0.2834305583352613, "User Interaction Value": 1}, "20": {"Similarity Score": 0.3303033205679922, "User Interaction Value": 2}}, "9": {"2": {"Similarity Score": 0.2907674284081155, "User Interaction Value": 1}, "4": {"Similarity Score": 0.27088694403902613, "User Interaction Value": 1}, "5": {"Similarity Score": 0.32793235511409896, "User Interaction Value": 2}, "7": {"Similarity Score": 0.29248079192450077, "User Interaction Value": 2}, "8": {"Similarity Score": 0.3310410060661029, "User Interaction Value": 1}, "15": {"Similarity Score": 0.33536940835384743, "User Interaction Value": 1}, "17": {"Similarity Score": 0.3425141741417632, "User Interaction Value": 1}, "19": {"Similarity Score": 0.341279971816025, "User Interaction Value": 1}, "20": {"Similarity Score": 0.3529746287631441, "User Interaction Value": 2}}, "10": {"2": {"Similarity Score": 0.3486241023509667, "User Interaction Value": 1}, "4": {"Similarity Score": 0.3437539727713477, "User Interaction Value": 1}, "5": {"Similarity Score": 0.35394350489442716, "User Interaction Value": 2}, "7": {"Similarity Score": 0.2903420223761698, "User Interaction Value": 2}, "8": {"Similarity Score": 0.380740686069618, "User Interaction Value": 1}, "15": {"Similarity Score": 0.4077895000647093, "User Interaction Value": 1}, "17": {"Similarity Score": 0.3626626568080526, "User Interaction Value": 1}, "19": {"Similarity Score": 0.34534286154640464, "User Interaction Value": 1}, "20": {"Similarity Score": 0.3684371956960361, "User Interaction Value": 2}}, "11": {"2": {"Similarity Score": 0.3564942433203392, "User Interaction Value": 1}, "4": {"Similarity Score": 0.3732616739705696, "User Interaction Value": 1}, "5": {"Similarity Score": 0.33479526660097064, "User Interaction Value": 2}, "7": {"Similarity Score": 0.29891906566603166, "User Interaction Value": 2}, "8": {"Similarity Score": 0.2964569634072119, "User Interaction Value": 1}, "15": {"Similarity Score": 0.41575681003081333, "User Interaction Value": 1}, "17": {"Similarity Score": 0.40417818669439726, "User Interaction Value": 1}, "19": {"Similarity Score": 0.4315560456314283, "User Interaction Value": 1}, "20": {"Similarity Score": 0.35755692714804704, "User Interaction Value": 2}}, "12": {"2": {"Similarity Score": 0.34361160146629816, "User Interaction Value": 1}, "4": {"Similarity Score": 0.34601357264226673, "User Interaction Value": 1}, "5": {"Similarity Score": 0.3660208899312015, "User Interaction Value": 2}, "7": {"Similarity Score": 0.3314862788391709, "User Interaction Value": 2}, "8": {"Similarity Score": 0.3380027427027004, "User Interaction Value": 1}, "15": {"Similarity Score": 0.4389368005911802, "User Interaction Value": 1}, "17": {"Similarity Score": 0.3800207777806079, "User Interaction Value": 1}, "19": {"Similarity Score": 0.3795782353411132, "User Interaction Value": 1}, "20": {"Similarity Score": 0.3282765382162779, "User Interaction Value": 2}}, "13": {"2": {"Similarity Score": 0.29629650776484073, "User Interaction Value": 1}, "4": {"Similarity Score": 0.27004620640403626, "User Interaction Value": 1}, "5": {"Similarity Score": 0.3591784066888097, "User Interaction Value": 2}, "7": {"Similarity Score": 0.3300317588260052, "User Interaction Value": 2}, "8": {"Similarity Score": 0.3006672941628218, "User Interaction Value": 1}, "15": {"Similarity Score": 0.32755013258505083, "User Interaction Value": 1}, "17": {"Similarity Score": 0.3727601226718965, "User Interaction Value": 1}, "19": {"Similarity Score": 0.3116169301131688, "User Interaction Value": 1}, "20": {"Similarity Score": 0.3519925560848883, "User Interaction Value": 2}}, "14": {"2": {"Similarity Score": 0.28816896828158944, "User Interaction Value": 1}, "4": {"Similarity Score": 0.3243847764279932, "User Interaction Value": 1}, "5": {"Similarity Score": 0.31428697758220075, "User Interaction Value": 2}, "7": {"Similarity Score": 0.31635605385158216, "User Interaction Value": 2}, "8": {"Similarity Score": 0.36034845124070847, "User Interaction Value": 1}, "15": {"Similarity Score": 0.4367312511713777, "User Interaction Value": 1}, "17": {"Similarity Score": 0.35332021328438357, "User Interaction Value": 1}, "19": {"Similarity Score": 0.30398846486990877, "User Interaction Value": 1}, "20": {"Similarity Score": 0.3665831448658511, "User Interaction Value": 2}}, "16": {"2": {"Similarity Score": 0.3439445841986047, "User Interaction Value": 1}, "4": {"Similarity Score": 0.3437539727713478, "User Interaction Value": 1}, "5": {"Similarity Score": 0.3539435048944271, "User Interaction Value": 2}, "7": {"Similarity Score": 0.33831157389918914, "User Interaction Value": 2}, "8": {"Similarity Score": 0.3276140787110666, "User Interaction Value": 1}, "15": {"Similarity Score": 0.35051569387584575, "User Interaction Value": 1}, "17": {"Similarity Score": 0.3135277162082519, "User Interaction Value": 1}, "19": {"Similarity Score": 0.32641996502331405, "User Interaction Value": 1}, "20": {"Similarity Score": 0.32327392654619946, "User Interaction Value": 2}}, "18": {"2": {"Similarity Score": 0.3129360958424203, "User Interaction Value": 1}, "4": {"Similarity Score": 0.3816500748866912, "User Interaction Value": 1}, "5": {"Similarity Score": 0.3987661706019368, "User Interaction Value": 2}, "7": {"Similarity Score": 0.3449610974112315, "User Interaction Value": 2}, "8": {"Similarity Score": 0.3919118393831136, "User Interaction Value": 1}, "15": {"Similarity Score": 0.3549046030284988, "User Interaction Value": 1}, "17": {"Similarity Score": 0.39398429332678814, "User Interaction Value": 1}, "19": {"Similarity Score": 0.3527760107524041, "User Interaction Value": 1}, "20": {"Similarity Score": 0.3728113223433244, "User Interaction Value": 2}}}}